{"cameraMode":{"drawMode":0,"name":"Shaded","section":"Shading Mode"},"sceneLighting":true,"audioPlay":false,"sceneViewState":{"m_AlwaysRefresh":false,"showFog":true,"showSkybox":true,"showFlares":true,"showImageEffects":true,"showParticleSystems":true,"showVisualEffectGraphs":true,"m_FxEnabled":true},"in2DMode":false,"pivot":{"x":-14.364588737487793,"y":2.257120370864868,"z":-7.760013103485107},"rotation":{"x":0.050882868468761447,"y":-0.9034700393676758,"z":-0.11195061355829239,"w":-0.4106535315513611},"size":0.06636468321084976,"orthographic":false}